{
    "true_price": 84177.375,
    "mae": 8827.26771576566,
    "mse": 161544209.98061505,
    "predicted_today": 58688.863708645105,
    "predicted_tomorrow": 58321.890506239375,
    "percentage_change": -0.6252859217508988
}